GroupHash,TransactionHash
D2B98FB53714F23CC0AA7B0AD6DBF910DD537237D7DEBE818A142590A322B992,07660C224183AB3A9C1CECA60856F0AE601A955825DD8F2903D2CD9E3418D441
D2B98FB53714F23CC0AA7B0AD6DBF910DD537237D7DEBE818A142590A322B992,07660C224183AB3A9C1CECA60856F0AE601A955825DD8F2903D2CD9E3418D441
E4EB18069D65AAA901CECB66371155F389643796428E9D54C5F5127C91AB3FDC,678E7B37C55427CA67E39DBDDBBCDE232A240601A6C411078ABFE24FBB344BF7
E4EB18069D65AAA901CECB66371155F389643796428E9D54C5F5127C91AB3FDC,883BCF0217C1883EA8C89D290692B3575B62DD3FD202AB90389C5A2657EB19D5
E4EB18069D65AAA901CECB66371155F389643796428E9D54C5F5127C91AB3FDC,BC233B8EE9E51A126380F51E8066C78048C46F002D9B5E343196B07B2FA17A29
E4EB18069D65AAA901CECB66371155F389643796428E9D54C5F5127C91AB3FDC,CF84D820FDAC0D2BE39D443B05007CA1B54409F6FD2B269492E310609EEE7F04
E4EB18069D65AAA901CECB66371155F389643796428E9D54C5F5127C91AB3FDC,5B8F1821A0914E8B3C9FAD608E3D138A049A17D0A200A9BC94DF0656996AA6CC
E4EB18069D65AAA901CECB66371155F389643796428E9D54C5F5127C91AB3FDC,A75AF5593D802B9A6A1D3AC4ABA567EC830E629CFE083F77BB1784535D7CDC3D
E4EB18069D65AAA901CECB66371155F389643796428E9D54C5F5127C91AB3FDC,FE3F7B818ACE09AFA020A54A79BAF3499814A37A43C5B4F6A5ECA5528F99C5EF
7FC05F87CA8EDD66CAE5DAA0B4F0367C8F4844C38F69E1C491F7A5297D188473,AF25571DF2795B434E44819C8A76EF51C53EDE1C21A5FF8C769A58FFEAA4B96C
71A2ACBD34C2120B95E9AFE145CF6F6F07225F0516A9EA0828A24786585CEECB,776FA406A00532A263B14711F353D2A8709C1E13DAD67B96B9E5D876880E5569
E4EB18069D65AAA901CECB66371155F389643796428E9D54C5F5127C91AB3FDC,6DB6083CF8D5BA4946287D8BCD529152E2AA31DDD7CAF171FA96AA530339F463
71A2ACBD34C2120B95E9AFE145CF6F6F07225F0516A9EA0828A24786585CEECB,7CDACE9741F66F90E01CDDD91071AEA93722AB925AE1B409E0C625E5F07EC195
E4EB18069D65AAA901CECB66371155F389643796428E9D54C5F5127C91AB3FDC,B5276E8BB57FF410C2B98A1D899D47101D61516A1120A37EC92569EAAA6057C7
71A2ACBD34C2120B95E9AFE145CF6F6F07225F0516A9EA0828A24786585CEECB,5474F031CB8B1FFA2A8401C98A4BE1ED489BE153332380C0F18D4D42896F4EBC
71A2ACBD34C2120B95E9AFE145CF6F6F07225F0516A9EA0828A24786585CEECB,3D5F3B38D10DE82AEC9F57FA79A93432615964C712EAE118DDFD8B3DD9272E0E
D2B98FB53714F23CC0AA7B0AD6DBF910DD537237D7DEBE818A142590A322B992,C4C2EC167010BB03ADF3B1B6CD0CAD6E698CF4DED94DE5E6E33B4F0F37D97F7D
E4EB18069D65AAA901CECB66371155F389643796428E9D54C5F5127C91AB3FDC,37F0CE979F0814E955FB91FB7022D918833928885C964274728B0EDAF6FEAFCB
E4EB18069D65AAA901CECB66371155F389643796428E9D54C5F5127C91AB3FDC,E7B7C145CD8478D0B4BC92452EA907472423E8933496F114BD83FB7DDF0A119D
E4EB18069D65AAA901CECB66371155F389643796428E9D54C5F5127C91AB3FDC,BF8ACC53C25ADBDEE746E03C59312DEFD45EAA6C7D9F9B9E002823D7E907F3F9
E4EB18069D65AAA901CECB66371155F389643796428E9D54C5F5127C91AB3FDC,3362F1AD06FA2F38DEE0BCF7E3B589D198A1C2A2FEFB7F49C66183EA02F9CFB7
E4EB18069D65AAA901CECB66371155F389643796428E9D54C5F5127C91AB3FDC,6D131D115E2AC5D5813831741B6962F2F30880512E4FA31F7C10D0CF143893EA
E4EB18069D65AAA901CECB66371155F389643796428E9D54C5F5127C91AB3FDC,47AC88A0900916281B99B30E2093C60610C52D8EBBFE1F447154E44501303138
